{
  "id": "spirit-of-alchemy-for-13th-age",
  "title": "Spirit of Alchemy for 13th Age",
  "version": "1.1.14",
  "compatibility": {
    "minimum": "12.331",
    "verified": "12.331"
  },
  "relationships": {
    "systems": [
      {
        "id": "archmage",
        "type": "system",
        "compatibility": {}
      }
    ]
  },
  "description": "Artificer, Dragonthane, Emotive, Juggernaut and Shaman classes for 13th Age.",
  "authors": [
    {
      "name": "Douglas G A Murray",
      "url": "spiritofalchemy.uk",
      "discord": "hairyscotsman2",
      "flags": {}
    }
  ],
  "manifest": "https://raw.githubusercontent.com/hairyscotsman2/13a-spirit-of-alchemy/main/module.json",
  "download": "https://raw.githubusercontent.com/hairyscotsman2/13a-spirit-of-alchemy/main/spirit-of-alchemy-for-13th-age.zip",
  "scripts": [
    "scripts/setup.js"
  ],
  "packs": [
    {
      "name": "artificer",
      "label": "Artificer",
      "path": "packs/artificer",
      "type": "Item",
      "system": "archmage",
      "ownership": {
        "PLAYER": "OBSERVER",
        "ASSISTANT": "OWNER"
      }
    },
    {
      "name": "emotive",
      "label": "Emotive",
      "path": "packs/emotive",
      "type": "Item",
      "system": "archmage",
      "ownership": {
        "PLAYER": "OBSERVER",
        "ASSISTANT": "OWNER"
      }
    },
    {
      "name": "shaman",
      "label": "Shaman",
      "path": "packs/shaman",
      "type": "Item",
      "system": "archmage",
      "ownership": {
        "PLAYER": "OBSERVER",
        "ASSISTANT": "OWNER"
      }
    },
    {
      "name": "classes-artificer",
      "label": "Classes-Artificer",
      "path": "packs/classes-artificer",
      "type": "JournalEntry",
      "system": "archmage",
      "ownership": {
        "PLAYER": "OBSERVER",
        "ASSISTANT": "OWNER"
      }
    },
    {
      "name": "classes-emotive",
      "label": "Classes-Emotive",
      "path": "packs/classes-emotive",
      "type": "JournalEntry",
      "system": "archmage",
      "ownership": {
        "PLAYER": "OBSERVER",
        "ASSISTANT": "OWNER"
      }
    },
    {
      "name": "classes-shaman",
      "label": "Classes-Shaman",
      "path": "packs/classes-shaman",
      "type": "JournalEntry",
      "system": "archmage",
      "ownership": {
        "PLAYER": "OBSERVER",
        "ASSISTANT": "OWNER"
      }
    },
    {
      "name": "roll-tables-spirit-of-alchemy",
      "label": "Roll Tables-Spirit of Alchemy",
      "path": "packs/roll-tables-spirit-of-alchemy",
      "type": "RollTable",
      "system": "archmage",
      "ownership": {
        "PLAYER": "OBSERVER",
        "ASSISTANT": "OWNER"
      }
    },
    {
      "name": "actors-spirit-of-alchemy",
      "label": "Actors-Spirit of Alchemy",
      "path": "packs/actors-spirit-of-alchemy",
      "type": "Actor",
      "system": "archmage",
      "ownership": {
        "PLAYER": "OBSERVER",
        "ASSISTANT": "OWNER"
      }
    },
    {
      "name": "items-spirit-of-alchemy",
      "label": "Items-Spirit of Alchemy",
      "path": "packs/items-spirit-of-alchemy",
      "type": "Item",
      "system": "archmage",
      "ownership": {
        "PLAYER": "OBSERVER",
        "ASSISTANT": "OWNER"
      }
    },
    {
      "name": "dragonthane",
      "label": "Dragonthane",
      "path": "packs/dragonthane",
      "type": "Item",
      "system": "archmage",
      "ownership": {
        "PLAYER": "OBSERVER",
        "ASSISTANT": "OWNER"
      }
    },
    {
      "name": "classes-dragonthane",
      "label": "Classes-Dragonthane",
      "path": "packs/classes-dragonthane",
      "type": "JournalEntry",
      "system": "archmage",
      "ownership": {
        "PLAYER": "OBSERVER",
        "ASSISTANT": "OWNER"
      }
    },
    {
      "name": "juggernaut",
      "label": "Juggernaut",
      "path": "packs/juggernaut",
      "type": "Item",
      "ownership": {
        "PLAYER": "OBSERVER",
        "ASSISTANT": "OWNER"
      },
      "system": "archmage"
    },
    {
      "name": "classes-juggernaut",
      "label": "Classes-Juggernaut",
      "path": "packs/classes-juggernaut",
      "type": "JournalEntry",
      "ownership": {
        "PLAYER": "OBSERVER",
        "ASSISTANT": "OWNER"
      },
      "system": "archmage"
    }
  ]
}