{
  "id": "artificer-for-13th-age",
  "title": "Artificer for 13th Age",
  "version": "1.0.8",
  "compatibility": {
    "minimum": "12",
    "verified": "12"
  },
  "relationships": {
    "systems": [
      {
        "id": "archmage",
        "type": "system",
        "compatibility": {}
      }
    ]
  },
  "description": "This mod adds the Artificer class for the 13th Age RPG to Foundry VTT",
  "authors": [
    {
      "name": "Douglas G A Murray",
      "discord": "hairyscotsman2",
      "flags": {}
    }
  ],
  "manifest": "https://raw.githubusercontent.com/hairyscotsman2/13a-artificer/main/module.json",
  "download": "https://raw.githubusercontent.com/hairyscotsman2/13a-artificer/main/artificer-for-13th-age.zip",
  "scripts": [
    "scripts/setup.js"
  ],
  "packs": [
    {
      "name": "artificer",
      "label": "Artificer",
      "path": "packs/artificer",
      "type": "Item",
      "system": "archmage",
      "ownership": {
        "PLAYER": "OBSERVER",
        "ASSISTANT": "OWNER"
      }
    },
    {
      "name": "classes-artificer",
      "label": "classes-artificer",
      "path": "packs/classes-artificer",
      "type": "JournalEntry",
      "system": "archmage",
      "ownership": {
        "PLAYER": "OBSERVER",
        "ASSISTANT": "OWNER"
      }
    },
    {
      "name": "rolltables-artificer",
      "label": "rolltables-artificer",
      "path": "packs/rolltables-artificer",
      "type": "RollTable",
      "system": "archmage",
      "ownership": {
        "PLAYER": "OBSERVER",
        "ASSISTANT": "OWNER"
      }
    },
    {
      "name": "pregens-artificer",
      "label": "pregens-artificer",
      "path": "packs/pregens-artificer",
      "type": "Actor",
      "system": "archmage",
      "ownership": {
        "PLAYER": "OBSERVER",
        "ASSISTANT": "OWNER"
      }
    },
    {
      "name": "runes-atificer",
      "label": "runes-atificer",
      "path": "packs/runes-atificer",
      "type": "Item",
      "ownership": {
        "PLAYER": "OBSERVER",
        "ASSISTANT": "OWNER"
      },
      "system": "archmage"
    }
  ]
}